,CMA_ES,DE,GA
CMA_ES,1.0,0.001,0.439405539496985
DE,0.001,1.0,0.001
GA,0.439405539496985,0.001,1.0
