,CMA_ES,DE,GA
CMA_ES,1.0,0.010277925981775682,0.2684294904350688
DE,0.010277925981775682,1.0,0.001
GA,0.2684294904350688,0.001,1.0
