,CMA_ES,DE,GA
CMA_ES,1.0,0.9,0.08390391338741654
DE,0.9,1.0,0.05258103543641102
GA,0.08390391338741654,0.05258103543641102,1.0
