,CMA_ES,DE,GA,GE,GP
CMA_ES,1.0,0.10243721599276312,0.001,0.001,0.001
DE,0.10243721599276312,1.0,0.001,0.001,0.05478622594440785
GA,0.001,0.001,1.0,0.8956272897585237,0.0016236873321489043
GE,0.001,0.001,0.8956272897585237,1.0,0.03466287483545338
GP,0.001,0.05478622594440785,0.0016236873321489043,0.03466287483545338,1.0
