,CMA_ES,DE,GA
CMA_ES,1.0,0.02657147236980384,0.001
DE,0.02657147236980384,1.0,0.001
GA,0.001,0.001,1.0
