,CMA_ES,DE,GA
CMA_ES,1.0,0.11203386239707913,0.9
DE,0.11203386239707913,1.0,0.14696009433635893
GA,0.9,0.14696009433635893,1.0
