,CMA_ES,DE,GA
CMA_ES,1.0,0.2137900004279547,0.001
DE,0.2137900004279547,1.0,0.09708007165306942
GA,0.001,0.09708007165306942,1.0
