,CMA_ES,DE,GA
CMA_ES,1.0,0.001,0.001
DE,0.001,1.0,0.4778130329950617
GA,0.001,0.4778130329950617,1.0
