,CMA_ES,DE,GA
CMA_ES,1.0,0.008394517840848992,0.001
DE,0.008394517840848992,1.0,0.001
GA,0.001,0.001,1.0
