,CMA_ES,DE,GA
CMA_ES,1.0,0.0011194398210483403,0.5527015695632786
DE,0.0011194398210483403,1.0,0.001
GA,0.5527015695632786,0.001,1.0
