,CMA_ES,DE,GA
CMA_ES,1.0,0.9,0.037702952818389535
DE,0.9,1.0,0.015222883203193427
GA,0.037702952818389535,0.015222883203193427,1.0
