,CMA_ES,DE,GA,GE,GP
CMA_ES,1.0,0.001,0.9,0.001,0.04375033717508692
DE,0.001,1.0,0.001,0.9,0.001
GA,0.9,0.001,1.0,0.0011757841926296475,0.0040806092536962435
GE,0.001,0.9,0.0011757841926296475,1.0,0.001
GP,0.04375033717508692,0.001,0.0040806092536962435,0.001,1.0
