,CMA_ES,DE,GA,GE,GP
CMA_ES,1.0,0.0016236873321489043,0.9,0.001,0.001
DE,0.0016236873321489043,1.0,0.001,0.061172605246052725,0.10243721599276312
GA,0.9,0.001,1.0,0.001,0.001
GE,0.001,0.061172605246052725,0.001,1.0,0.9
GP,0.001,0.10243721599276312,0.001,0.9,1.0
