,CMA_ES,DE,GA,GE,GP
CMA_ES,1.0,0.10243721599276312,0.001,0.10243721599276312,0.001
DE,0.10243721599276312,1.0,0.001,0.001,0.10243721599276312
GA,0.001,0.001,1.0,0.001,0.10243721599276312
GE,0.10243721599276312,0.001,0.001,1.0,0.001
GP,0.001,0.10243721599276312,0.10243721599276312,0.001,1.0
