,CMA_ES,DE,GA
CMA_ES,1.0,0.5896262104487708,0.05258103543641224
DE,0.5896262104487708,1.0,0.3656090333802914
GA,0.05258103543641224,0.3656090333802914,1.0
