,CMA_ES,DE,GA
CMA_ES,1.0,0.06171917650312864,0.02216231638255206
DE,0.06171917650312864,1.0,0.001
GA,0.02216231638255206,0.001,1.0
