,CMA_ES,DE,GA
CMA_ES,1.0,0.001,0.001
DE,0.001,1.0,0.7742543349406745
GA,0.001,0.7742543349406745,1.0
